{
  "input_mat": "CIR_20260209T162335_Pit5x10_NS21x1_RF18001_RF28001_MetalCyl_LinOnly.mat",
  "source_key": "CIR_linear",
  "truncated_shape": [
    21,
    2100
  ],
  "window_size": 300,
  "step": 150,
  "num_windows": 13,
  "overlap_width": 150,
  "rank_results": [
    {
      "rank": 2,
      "mean_window_rel_err": 0.08634794759826929,
      "max_window_rel_err": 0.27187074646238885,
      "min_overlap_disagreement": 0.014676477139620536,
      "max_overlap_disagreement": 0.2621872204011422,
      "mean_overlap_disagreement": 0.07281839329528661,
      "overlap_disagreements": [
        0.014676477139620536,
        0.0367259006786097,
        0.0757794999985606,
        0.0817898072301039,
        0.03880059373997816,
        0.041574449027302306,
        0.08761600947193868,
        0.056286765993308265,
        0.11505058493576324,
        0.047280216578254076,
        0.0160531943488577,
        0.2621872204011422
      ]
    },
    {
      "rank": 3,
      "mean_window_rel_err": 0.08615730465407517,
      "max_window_rel_err": 0.2715933784382043,
      "min_overlap_disagreement": 0.012477329369974331,
      "max_overlap_disagreement": 0.2591500623971775,
      "mean_overlap_disagreement": 0.0730958184121251,
      "overlap_disagreements": [
        0.014692704058843807,
        0.036695554937661475,
        0.0758300483528966,
        0.08248476886700737,
        0.040568774418038335,
        0.03976827238165343,
        0.09003250960052757,
        0.05055625007849554,
        0.12149919693282056,
        0.053394349550404806,
        0.012477329369974331,
        0.2591500623971775
      ]
    },
    {
      "rank": 4,
      "mean_window_rel_err": 0.0726755232328686,
      "max_window_rel_err": 0.13620722667786755,
      "min_overlap_disagreement": 0.012310068377544219,
      "max_overlap_disagreement": 0.13416460297903357,
      "mean_overlap_disagreement": 0.05870845584239687,
      "overlap_disagreements": [
        0.014690278347479269,
        0.03666755921695662,
        0.07580616917583191,
        0.08180628784602814,
        0.03851536878770624,
        0.03891802976739535,
        0.08961929529868969,
        0.06508000332954862,
        0.13416460297903357,
        0.046559646750831324,
        0.012310068377544219,
        0.0703641602317174
      ]
    },
    {
      "rank": 5,
      "mean_window_rel_err": 0.0659681936000985,
      "max_window_rel_err": 0.11749405267911796,
      "min_overlap_disagreement": 0.01224564135859143,
      "max_overlap_disagreement": 0.14107309984470856,
      "mean_overlap_disagreement": 0.061927278500588316,
      "overlap_disagreements": [
        0.014673347344399183,
        0.03674672970489111,
        0.07602843079063691,
        0.0825176121501992,
        0.06439948695929403,
        0.03544961808737172,
        0.0881863543712153,
        0.0741828544783584,
        0.14107309984470856,
        0.04715927467359991,
        0.01224564135859143,
        0.070464892243794
      ]
    },
    {
      "rank": 6,
      "mean_window_rel_err": 0.06297235381965177,
      "max_window_rel_err": 0.09710112692435276,
      "min_overlap_disagreement": 0.01271562135548575,
      "max_overlap_disagreement": 0.11346407038539902,
      "mean_overlap_disagreement": 0.05656748705483839,
      "overlap_disagreements": [
        0.014768553717839306,
        0.03669005493419343,
        0.0756677749775469,
        0.08177137282808555,
        0.039234258471576314,
        0.03763416743333799,
        0.11346407038539902,
        0.05563168702616708,
        0.10193993290894561,
        0.04564347831444149,
        0.01271562135548575,
        0.06364887230504224
      ]
    },
    {
      "rank": 7,
      "mean_window_rel_err": 0.06221215260044869,
      "max_window_rel_err": 0.1312852841340434,
      "min_overlap_disagreement": 0.012061688186119487,
      "max_overlap_disagreement": 0.1276542161581128,
      "mean_overlap_disagreement": 0.06246515026814711,
      "overlap_disagreements": [
        0.014675916118620253,
        0.08042533876789178,
        0.08626780952562439,
        0.08222034167589017,
        0.04106590973935198,
        0.03939269866246198,
        0.08829584239356952,
        0.046999873746086135,
        0.1276542161581128,
        0.04680648065587742,
        0.012061688186119487,
        0.08371568758815945
      ]
    },
    {
      "rank": 8,
      "mean_window_rel_err": 0.12442044109909765,
      "max_window_rel_err": 0.9999871193449931,
      "min_overlap_disagreement": 0.013020531969369753,
      "max_overlap_disagreement": 0.9957582068783923,
      "mean_overlap_disagreement": 0.21521535999215938,
      "overlap_disagreements": [
        0.014682672457955568,
        0.0800105089057664,
        0.03116005663155404,
        0.05883339247572099,
        0.15005550812892957,
        0.04149231309992295,
        0.0866835448319243,
        0.9957582068783923,
        0.9936201864688812,
        0.047485099360707994,
        0.013020531969369753,
        0.06978229869678762
      ]
    },
    {
      "rank": 9,
      "mean_window_rel_err": 0.18627321960923082,
      "max_window_rel_err": 0.9999999999999999,
      "min_overlap_disagreement": 0.0,
      "max_overlap_disagreement": 0.9957020650295773,
      "mean_overlap_disagreement": 0.20496819171693273,
      "overlap_disagreements": [
        0.014675685013536319,
        0.03668654607613937,
        0.11748053108462041,
        0.026465830222319627,
        0.09333259226242288,
        0.04446537583536856,
        0.9957020650295773,
        0.0,
        0.98640289775157,
        0.0462809995579297,
        0.011467661371801606,
        0.0866581163979073
      ]
    },
    {
      "rank": 10,
      "mean_window_rel_err": 0.2829560289170857,
      "max_window_rel_err": 0.9999999999999999,
      "min_overlap_disagreement": 0.0,
      "max_overlap_disagreement": 1.002289855044441,
      "mean_overlap_disagreement": 0.22248149133870979,
      "overlap_disagreements": [
        0.04268504988359046,
        0.08073947974761814,
        0.00684855732933088,
        0.050091827766950404,
        0.0872641453725531,
        0.029030196320551517,
        0.9945127528226536,
        0.0,
        0.0,
        1.002289855044441,
        0.10251823492463055,
        0.2737977968521977
      ]
    },
    {
      "rank": 11,
      "mean_window_rel_err": 0.3357360007290466,
      "max_window_rel_err": 0.9999999999999999,
      "min_overlap_disagreement": 0.0,
      "max_overlap_disagreement": 1.0003679075791831,
      "mean_overlap_disagreement": 0.2718996428272357,
      "overlap_disagreements": [
        0.02194476989677216,
        0.08068936009584646,
        0.008062468001374662,
        0.04843128564263597,
        0.06238176321087717,
        0.04222700903432138,
        1.0003679075791831,
        0.0,
        0.0,
        0.9974497976977517,
        0.013206834600395487,
        0.9880345181676706
      ]
    },
    {
      "rank": 12,
      "mean_window_rel_err": 0.47636513779125,
      "max_window_rel_err": 0.9999999999999999,
      "min_overlap_disagreement": 0.0,
      "max_overlap_disagreement": 0.9935255935749511,
      "mean_overlap_disagreement": 0.26221768375565074,
      "overlap_disagreements": [
        0.020278903778113838,
        0.08082232243578302,
        0.00685984675346438,
        0.04683202592304846,
        0.9919206514343464,
        0.0,
        0.0,
        0.0,
        0.0,
        0.9935255935749511,
        0.013227078459174145,
        0.9931457827089278
      ]
    },
    {
      "rank": 13,
      "mean_window_rel_err": 0.47007978250458354,
      "max_window_rel_err": 0.9999999999999999,
      "min_overlap_disagreement": 0.0,
      "max_overlap_disagreement": 0.999305015837189,
      "mean_overlap_disagreement": 0.25285235525193445,